time_key,date,year,quarter,month,month_name,week,day,day_of_week,day_of_year
1,2015-01-03,2015,Q1,1,January,1,3,5,3
2,2015-01-04,2015,Q1,1,January,1,4,6,4
3,2015-01-05,2015,Q1,1,January,2,5,0,5
4,2015-01-06,2015,Q1,1,January,2,6,1,6
5,2015-01-07,2015,Q1,1,January,2,7,2,7
6,2015-01-08,2015,Q1,1,January,2,8,3,8
7,2015-01-09,2015,Q1,1,January,2,9,4,9
8,2015-01-10,2015,Q1,1,January,2,10,5,10
9,2015-01-11,2015,Q1,1,January,2,11,6,11
10,2015-01-12,2015,Q1,1,January,3,12,0,12
11,2015-01-13,2015,Q1,1,January,3,13,1,13
12,2015-01-14,2015,Q1,1,January,3,14,2,14
13,2015-01-15,2015,Q1,1,January,3,15,3,15
14,2015-01-16,2015,Q1,1,January,3,16,4,16
15,2015-01-17,2015,Q1,1,January,3,17,5,17
16,2015-01-18,2015,Q1,1,January,3,18,6,18
17,2015-01-19,2015,Q1,1,January,4,19,0,19
18,2015-01-20,2015,Q1,1,January,4,20,1,20
19,2015-01-21,2015,Q1,1,January,4,21,2,21
20,2015-01-23,2015,Q1,1,January,4,23,4,23
21,2015-01-25,2015,Q1,1,January,4,25,6,25
22,2015-01-26,2015,Q1,1,January,5,26,0,26
23,2015-01-27,2015,Q1,1,January,5,27,1,27
24,2015-01-28,2015,Q1,1,January,5,28,2,28
25,2015-01-29,2015,Q1,1,January,5,29,3,29
26,2015-01-30,2015,Q1,1,January,5,30,4,30
27,2015-01-31,2015,Q1,1,January,5,31,5,31
28,2015-02-01,2015,Q1,2,February,5,1,6,32
29,2015-02-02,2015,Q1,2,February,6,2,0,33
30,2015-02-03,2015,Q1,2,February,6,3,1,34
31,2015-02-04,2015,Q1,2,February,6,4,2,35
32,2015-02-06,2015,Q1,2,February,6,6,4,37
33,2015-02-07,2015,Q1,2,February,6,7,5,38
34,2015-02-08,2015,Q1,2,February,6,8,6,39
35,2015-02-09,2015,Q1,2,February,7,9,0,40
36,2015-02-10,2015,Q1,2,February,7,10,1,41
37,2015-02-11,2015,Q1,2,February,7,11,2,42
38,2015-02-12,2015,Q1,2,February,7,12,3,43
39,2015-02-14,2015,Q1,2,February,7,14,5,45
40,2015-02-15,2015,Q1,2,February,7,15,6,46
41,2015-02-16,2015,Q1,2,February,8,16,0,47
42,2015-02-17,2015,Q1,2,February,8,17,1,48
43,2015-02-18,2015,Q1,2,February,8,18,2,49
44,2015-02-19,2015,Q1,2,February,8,19,3,50
45,2015-02-20,2015,Q1,2,February,8,20,4,51
46,2015-02-21,2015,Q1,2,February,8,21,5,52
47,2015-02-22,2015,Q1,2,February,8,22,6,53
48,2015-02-23,2015,Q1,2,February,9,23,0,54
49,2015-02-24,2015,Q1,2,February,9,24,1,55
50,2015-02-25,2015,Q1,2,February,9,25,2,56
51,2015-02-26,2015,Q1,2,February,9,26,3,57
52,2015-02-27,2015,Q1,2,February,9,27,4,58
53,2015-03-01,2015,Q1,3,March,9,1,6,60
54,2015-03-02,2015,Q1,3,March,10,2,0,61
55,2015-03-03,2015,Q1,3,March,10,3,1,62
56,2015-03-04,2015,Q1,3,March,10,4,2,63
57,2015-03-05,2015,Q1,3,March,10,5,3,64
58,2015-03-06,2015,Q1,3,March,10,6,4,65
59,2015-03-07,2015,Q1,3,March,10,7,5,66
60,2015-03-08,2015,Q1,3,March,10,8,6,67
61,2015-03-09,2015,Q1,3,March,11,9,0,68
62,2015-03-10,2015,Q1,3,March,11,10,1,69
63,2015-03-11,2015,Q1,3,March,11,11,2,70
64,2015-03-12,2015,Q1,3,March,11,12,3,71
65,2015-03-13,2015,Q1,3,March,11,13,4,72
66,2015-03-14,2015,Q1,3,March,11,14,5,73
67,2015-03-15,2015,Q1,3,March,11,15,6,74
68,2015-03-16,2015,Q1,3,March,12,16,0,75
69,2015-03-17,2015,Q1,3,March,12,17,1,76
70,2015-03-18,2015,Q1,3,March,12,18,2,77
71,2015-03-19,2015,Q1,3,March,12,19,3,78
72,2015-03-20,2015,Q1,3,March,12,20,4,79
73,2015-03-21,2015,Q1,3,March,12,21,5,80
74,2015-03-22,2015,Q1,3,March,12,22,6,81
75,2015-03-23,2015,Q1,3,March,13,23,0,82
76,2015-03-24,2015,Q1,3,March,13,24,1,83
77,2015-03-25,2015,Q1,3,March,13,25,2,84
78,2015-03-26,2015,Q1,3,March,13,26,3,85
79,2015-03-28,2015,Q1,3,March,13,28,5,87
80,2015-03-29,2015,Q1,3,March,13,29,6,88
81,2015-03-30,2015,Q1,3,March,14,30,0,89
82,2015-03-31,2015,Q1,3,March,14,31,1,90
83,2015-04-01,2015,Q2,4,April,14,1,2,91
84,2015-04-02,2015,Q2,4,April,14,2,3,92
85,2015-04-03,2015,Q2,4,April,14,3,4,93
86,2015-04-04,2015,Q2,4,April,14,4,5,94
87,2015-04-05,2015,Q2,4,April,14,5,6,95
88,2015-04-06,2015,Q2,4,April,15,6,0,96
89,2015-04-07,2015,Q2,4,April,15,7,1,97
90,2015-04-08,2015,Q2,4,April,15,8,2,98
91,2015-04-09,2015,Q2,4,April,15,9,3,99
92,2015-04-10,2015,Q2,4,April,15,10,4,100
93,2015-04-11,2015,Q2,4,April,15,11,5,101
94,2015-04-12,2015,Q2,4,April,15,12,6,102
95,2015-04-13,2015,Q2,4,April,16,13,0,103
96,2015-04-15,2015,Q2,4,April,16,15,2,105
97,2015-04-16,2015,Q2,4,April,16,16,3,106
98,2015-04-17,2015,Q2,4,April,16,17,4,107
99,2015-04-18,2015,Q2,4,April,16,18,5,108
100,2015-04-19,2015,Q2,4,April,16,19,6,109
101,2015-04-20,2015,Q2,4,April,17,20,0,110
102,2015-04-21,2015,Q2,4,April,17,21,1,111
103,2015-04-22,2015,Q2,4,April,17,22,2,112
104,2015-04-23,2015,Q2,4,April,17,23,3,113
105,2015-04-24,2015,Q2,4,April,17,24,4,114
106,2015-04-25,2015,Q2,4,April,17,25,5,115
107,2015-04-26,2015,Q2,4,April,17,26,6,116
108,2015-04-27,2015,Q2,4,April,18,27,0,117
109,2015-04-28,2015,Q2,4,April,18,28,1,118
110,2015-04-29,2015,Q2,4,April,18,29,2,119
111,2015-04-30,2015,Q2,4,April,18,30,3,120
112,2015-05-01,2015,Q2,5,May,18,1,4,121
113,2015-05-02,2015,Q2,5,May,18,2,5,122
114,2015-05-03,2015,Q2,5,May,18,3,6,123
115,2015-05-04,2015,Q2,5,May,19,4,0,124
116,2015-05-05,2015,Q2,5,May,19,5,1,125
117,2015-05-06,2015,Q2,5,May,19,6,2,126
118,2015-05-07,2015,Q2,5,May,19,7,3,127
119,2015-05-08,2015,Q2,5,May,19,8,4,128
120,2015-05-09,2015,Q2,5,May,19,9,5,129
121,2015-05-10,2015,Q2,5,May,19,10,6,130
122,2015-05-11,2015,Q2,5,May,20,11,0,131
123,2015-05-12,2015,Q2,5,May,20,12,1,132
124,2015-05-13,2015,Q2,5,May,20,13,2,133
125,2015-05-14,2015,Q2,5,May,20,14,3,134
126,2015-05-15,2015,Q2,5,May,20,15,4,135
127,2015-05-16,2015,Q2,5,May,20,16,5,136
128,2015-05-17,2015,Q2,5,May,20,17,6,137
129,2015-05-18,2015,Q2,5,May,21,18,0,138
130,2015-05-19,2015,Q2,5,May,21,19,1,139
131,2015-05-20,2015,Q2,5,May,21,20,2,140
132,2015-05-21,2015,Q2,5,May,21,21,3,141
133,2015-05-22,2015,Q2,5,May,21,22,4,142
134,2015-05-23,2015,Q2,5,May,21,23,5,143
135,2015-05-24,2015,Q2,5,May,21,24,6,144
136,2015-05-25,2015,Q2,5,May,22,25,0,145
137,2015-05-26,2015,Q2,5,May,22,26,1,146
138,2015-05-27,2015,Q2,5,May,22,27,2,147
139,2015-05-28,2015,Q2,5,May,22,28,3,148
140,2015-05-29,2015,Q2,5,May,22,29,4,149
141,2015-05-30,2015,Q2,5,May,22,30,5,150
142,2015-05-31,2015,Q2,5,May,22,31,6,151
143,2015-06-01,2015,Q2,6,June,23,1,0,152
144,2015-06-02,2015,Q2,6,June,23,2,1,153
145,2015-06-03,2015,Q2,6,June,23,3,2,154
146,2015-06-04,2015,Q2,6,June,23,4,3,155
147,2015-06-05,2015,Q2,6,June,23,5,4,156
148,2015-06-06,2015,Q2,6,June,23,6,5,157
149,2015-06-07,2015,Q2,6,June,23,7,6,158
150,2015-06-08,2015,Q2,6,June,24,8,0,159
151,2015-06-09,2015,Q2,6,June,24,9,1,160
152,2015-06-10,2015,Q2,6,June,24,10,2,161
153,2015-06-11,2015,Q2,6,June,24,11,3,162
154,2015-06-12,2015,Q2,6,June,24,12,4,163
155,2015-06-13,2015,Q2,6,June,24,13,5,164
156,2015-06-14,2015,Q2,6,June,24,14,6,165
157,2015-06-15,2015,Q2,6,June,25,15,0,166
158,2015-06-16,2015,Q2,6,June,25,16,1,167
159,2015-06-17,2015,Q2,6,June,25,17,2,168
160,2015-06-18,2015,Q2,6,June,25,18,3,169
161,2015-06-20,2015,Q2,6,June,25,20,5,171
162,2015-06-21,2015,Q2,6,June,25,21,6,172
163,2015-06-22,2015,Q2,6,June,26,22,0,173
164,2015-06-23,2015,Q2,6,June,26,23,1,174
165,2015-06-24,2015,Q2,6,June,26,24,2,175
166,2015-06-25,2015,Q2,6,June,26,25,3,176
167,2015-06-26,2015,Q2,6,June,26,26,4,177
168,2015-06-27,2015,Q2,6,June,26,27,5,178
169,2015-06-28,2015,Q2,6,June,26,28,6,179
170,2015-06-29,2015,Q2,6,June,27,29,0,180
171,2015-06-30,2015,Q2,6,June,27,30,1,181
172,2015-07-01,2015,Q3,7,July,27,1,2,182
173,2015-07-02,2015,Q3,7,July,27,2,3,183
174,2015-07-03,2015,Q3,7,July,27,3,4,184
175,2015-07-04,2015,Q3,7,July,27,4,5,185
176,2015-07-05,2015,Q3,7,July,27,5,6,186
177,2015-07-06,2015,Q3,7,July,28,6,0,187
178,2015-07-07,2015,Q3,7,July,28,7,1,188
179,2015-07-08,2015,Q3,7,July,28,8,2,189
180,2015-07-09,2015,Q3,7,July,28,9,3,190
181,2015-07-10,2015,Q3,7,July,28,10,4,191
182,2015-07-11,2015,Q3,7,July,28,11,5,192
183,2015-07-12,2015,Q3,7,July,28,12,6,193
184,2015-07-13,2015,Q3,7,July,29,13,0,194
185,2015-07-14,2015,Q3,7,July,29,14,1,195
186,2015-07-15,2015,Q3,7,July,29,15,2,196
187,2015-07-16,2015,Q3,7,July,29,16,3,197
188,2015-07-17,2015,Q3,7,July,29,17,4,198
189,2015-07-18,2015,Q3,7,July,29,18,5,199
190,2015-07-19,2015,Q3,7,July,29,19,6,200
191,2015-07-20,2015,Q3,7,July,30,20,0,201
192,2015-07-21,2015,Q3,7,July,30,21,1,202
193,2015-07-22,2015,Q3,7,July,30,22,2,203
194,2015-07-23,2015,Q3,7,July,30,23,3,204
195,2015-07-24,2015,Q3,7,July,30,24,4,205
196,2015-07-25,2015,Q3,7,July,30,25,5,206
197,2015-07-26,2015,Q3,7,July,30,26,6,207
198,2015-07-27,2015,Q3,7,July,31,27,0,208
199,2015-07-28,2015,Q3,7,July,31,28,1,209
200,2015-07-29,2015,Q3,7,July,31,29,2,210
201,2015-07-30,2015,Q3,7,July,31,30,3,211
202,2015-08-01,2015,Q3,8,August,31,1,5,213
203,2015-08-02,2015,Q3,8,August,31,2,6,214
204,2015-08-03,2015,Q3,8,August,32,3,0,215
205,2015-08-04,2015,Q3,8,August,32,4,1,216
206,2015-08-05,2015,Q3,8,August,32,5,2,217
207,2015-08-06,2015,Q3,8,August,32,6,3,218
208,2015-08-07,2015,Q3,8,August,32,7,4,219
209,2015-08-08,2015,Q3,8,August,32,8,5,220
210,2015-08-09,2015,Q3,8,August,32,9,6,221
211,2015-08-10,2015,Q3,8,August,33,10,0,222
212,2015-08-11,2015,Q3,8,August,33,11,1,223
213,2015-08-12,2015,Q3,8,August,33,12,2,224
214,2015-08-13,2015,Q3,8,August,33,13,3,225
215,2015-08-14,2015,Q3,8,August,33,14,4,226
216,2015-08-15,2015,Q3,8,August,33,15,5,227
217,2015-08-16,2015,Q3,8,August,33,16,6,228
218,2015-08-17,2015,Q3,8,August,34,17,0,229
219,2015-08-18,2015,Q3,8,August,34,18,1,230
220,2015-08-19,2015,Q3,8,August,34,19,2,231
221,2015-08-20,2015,Q3,8,August,34,20,3,232
222,2015-08-21,2015,Q3,8,August,34,21,4,233
223,2015-08-22,2015,Q3,8,August,34,22,5,234
224,2015-08-23,2015,Q3,8,August,34,23,6,235
225,2015-08-24,2015,Q3,8,August,35,24,0,236
226,2015-08-25,2015,Q3,8,August,35,25,1,237
227,2015-08-26,2015,Q3,8,August,35,26,2,238
228,2015-08-27,2015,Q3,8,August,35,27,3,239
229,2015-08-28,2015,Q3,8,August,35,28,4,240
230,2015-08-29,2015,Q3,8,August,35,29,5,241
231,2015-08-30,2015,Q3,8,August,35,30,6,242
232,2015-08-31,2015,Q3,8,August,36,31,0,243
233,2015-09-01,2015,Q3,9,September,36,1,1,244
234,2015-09-02,2015,Q3,9,September,36,2,2,245
235,2015-09-03,2015,Q3,9,September,36,3,3,246
236,2015-09-04,2015,Q3,9,September,36,4,4,247
237,2015-09-05,2015,Q3,9,September,36,5,5,248
238,2015-09-06,2015,Q3,9,September,36,6,6,249
239,2015-09-07,2015,Q3,9,September,37,7,0,250
240,2015-09-08,2015,Q3,9,September,37,8,1,251
241,2015-09-09,2015,Q3,9,September,37,9,2,252
242,2015-09-10,2015,Q3,9,September,37,10,3,253
243,2015-09-11,2015,Q3,9,September,37,11,4,254
244,2015-09-12,2015,Q3,9,September,37,12,5,255
245,2015-09-13,2015,Q3,9,September,37,13,6,256
246,2015-09-14,2015,Q3,9,September,38,14,0,257
247,2015-09-15,2015,Q3,9,September,38,15,1,258
248,2015-09-16,2015,Q3,9,September,38,16,2,259
249,2015-09-17,2015,Q3,9,September,38,17,3,260
250,2015-09-18,2015,Q3,9,September,38,18,4,261
251,2015-09-19,2015,Q3,9,September,38,19,5,262
252,2015-09-20,2015,Q3,9,September,38,20,6,263
253,2015-09-21,2015,Q3,9,September,39,21,0,264
254,2015-09-22,2015,Q3,9,September,39,22,1,265
255,2015-09-23,2015,Q3,9,September,39,23,2,266
256,2015-09-24,2015,Q3,9,September,39,24,3,267
257,2015-09-25,2015,Q3,9,September,39,25,4,268
258,2015-09-26,2015,Q3,9,September,39,26,5,269
259,2015-09-27,2015,Q3,9,September,39,27,6,270
260,2015-09-28,2015,Q3,9,September,40,28,0,271
261,2015-09-29,2015,Q3,9,September,40,29,1,272
262,2015-09-30,2015,Q3,9,September,40,30,2,273
263,2015-10-01,2015,Q4,10,October,40,1,3,274
264,2015-10-02,2015,Q4,10,October,40,2,4,275
265,2015-10-03,2015,Q4,10,October,40,3,5,276
266,2015-10-04,2015,Q4,10,October,40,4,6,277
267,2015-10-05,2015,Q4,10,October,41,5,0,278
268,2015-10-06,2015,Q4,10,October,41,6,1,279
269,2015-10-07,2015,Q4,10,October,41,7,2,280
270,2015-10-08,2015,Q4,10,October,41,8,3,281
271,2015-10-09,2015,Q4,10,October,41,9,4,282
272,2015-10-10,2015,Q4,10,October,41,10,5,283
273,2015-10-11,2015,Q4,10,October,41,11,6,284
274,2015-10-12,2015,Q4,10,October,42,12,0,285
275,2015-10-13,2015,Q4,10,October,42,13,1,286
276,2015-10-14,2015,Q4,10,October,42,14,2,287
277,2015-10-15,2015,Q4,10,October,42,15,3,288
278,2015-10-16,2015,Q4,10,October,42,16,4,289
279,2015-10-17,2015,Q4,10,October,42,17,5,290
280,2015-10-18,2015,Q4,10,October,42,18,6,291
281,2015-10-19,2015,Q4,10,October,43,19,0,292
282,2015-10-20,2015,Q4,10,October,43,20,1,293
283,2015-10-21,2015,Q4,10,October,43,21,2,294
284,2015-10-22,2015,Q4,10,October,43,22,3,295
285,2015-10-23,2015,Q4,10,October,43,23,4,296
286,2015-10-24,2015,Q4,10,October,43,24,5,297
287,2015-10-25,2015,Q4,10,October,43,25,6,298
288,2015-10-26,2015,Q4,10,October,44,26,0,299
289,2015-10-27,2015,Q4,10,October,44,27,1,300
290,2015-10-28,2015,Q4,10,October,44,28,2,301
291,2015-10-29,2015,Q4,10,October,44,29,3,302
292,2015-10-30,2015,Q4,10,October,44,30,4,303
293,2015-10-31,2015,Q4,10,October,44,31,5,304
294,2015-11-01,2015,Q4,11,November,44,1,6,305
295,2015-11-02,2015,Q4,11,November,45,2,0,306
296,2015-11-03,2015,Q4,11,November,45,3,1,307
297,2015-11-04,2015,Q4,11,November,45,4,2,308
298,2015-11-05,2015,Q4,11,November,45,5,3,309
299,2015-11-06,2015,Q4,11,November,45,6,4,310
300,2015-11-07,2015,Q4,11,November,45,7,5,311
301,2015-11-08,2015,Q4,11,November,45,8,6,312
302,2015-11-09,2015,Q4,11,November,46,9,0,313
303,2015-11-10,2015,Q4,11,November,46,10,1,314
304,2015-11-11,2015,Q4,11,November,46,11,2,315
305,2015-11-12,2015,Q4,11,November,46,12,3,316
306,2015-11-13,2015,Q4,11,November,46,13,4,317
307,2015-11-14,2015,Q4,11,November,46,14,5,318
308,2015-11-15,2015,Q4,11,November,46,15,6,319
309,2015-11-16,2015,Q4,11,November,47,16,0,320
310,2015-11-17,2015,Q4,11,November,47,17,1,321
311,2015-11-18,2015,Q4,11,November,47,18,2,322
312,2015-11-19,2015,Q4,11,November,47,19,3,323
313,2015-11-20,2015,Q4,11,November,47,20,4,324
314,2015-11-21,2015,Q4,11,November,47,21,5,325
315,2015-11-22,2015,Q4,11,November,47,22,6,326
316,2015-11-23,2015,Q4,11,November,48,23,0,327
317,2015-11-24,2015,Q4,11,November,48,24,1,328
318,2015-11-25,2015,Q4,11,November,48,25,2,329
319,2015-11-26,2015,Q4,11,November,48,26,3,330
320,2015-11-27,2015,Q4,11,November,48,27,4,331
321,2015-11-28,2015,Q4,11,November,48,28,5,332
322,2015-11-29,2015,Q4,11,November,48,29,6,333
323,2015-11-30,2015,Q4,11,November,49,30,0,334
324,2015-12-01,2015,Q4,12,December,49,1,1,335
325,2015-12-02,2015,Q4,12,December,49,2,2,336
326,2015-12-03,2015,Q4,12,December,49,3,3,337
327,2015-12-04,2015,Q4,12,December,49,4,4,338
328,2015-12-05,2015,Q4,12,December,49,5,5,339
329,2015-12-06,2015,Q4,12,December,49,6,6,340
330,2015-12-07,2015,Q4,12,December,50,7,0,341
331,2015-12-08,2015,Q4,12,December,50,8,1,342
332,2015-12-09,2015,Q4,12,December,50,9,2,343
333,2015-12-10,2015,Q4,12,December,50,10,3,344
334,2015-12-11,2015,Q4,12,December,50,11,4,345
335,2015-12-12,2015,Q4,12,December,50,12,5,346
336,2015-12-13,2015,Q4,12,December,50,13,6,347
337,2015-12-14,2015,Q4,12,December,51,14,0,348
338,2015-12-15,2015,Q4,12,December,51,15,1,349
339,2015-12-16,2015,Q4,12,December,51,16,2,350
340,2015-12-17,2015,Q4,12,December,51,17,3,351
341,2015-12-18,2015,Q4,12,December,51,18,4,352
342,2015-12-19,2015,Q4,12,December,51,19,5,353
343,2015-12-20,2015,Q4,12,December,51,20,6,354
344,2015-12-21,2015,Q4,12,December,52,21,0,355
345,2015-12-22,2015,Q4,12,December,52,22,1,356
346,2015-12-23,2015,Q4,12,December,52,23,2,357
347,2015-12-24,2015,Q4,12,December,52,24,3,358
348,2015-12-25,2015,Q4,12,December,52,25,4,359
349,2015-12-26,2015,Q4,12,December,52,26,5,360
350,2015-12-27,2015,Q4,12,December,52,27,6,361
351,2015-12-28,2015,Q4,12,December,53,28,0,362
352,2015-12-29,2015,Q4,12,December,53,29,1,363
353,2015-12-30,2015,Q4,12,December,53,30,2,364
354,2015-12-31,2015,Q4,12,December,53,31,3,365
355,2016-01-01,2016,Q1,1,January,53,1,4,1
356,2016-01-02,2016,Q1,1,January,53,2,5,2
357,2016-01-03,2016,Q1,1,January,53,3,6,3
358,2016-01-04,2016,Q1,1,January,1,4,0,4
359,2016-01-05,2016,Q1,1,January,1,5,1,5
360,2016-01-06,2016,Q1,1,January,1,6,2,6
361,2016-01-07,2016,Q1,1,January,1,7,3,7
362,2016-01-08,2016,Q1,1,January,1,8,4,8
363,2016-01-09,2016,Q1,1,January,1,9,5,9
364,2016-01-10,2016,Q1,1,January,1,10,6,10
365,2016-01-12,2016,Q1,1,January,2,12,1,12
366,2016-01-13,2016,Q1,1,January,2,13,2,13
367,2016-01-15,2016,Q1,1,January,2,15,4,15
368,2016-01-17,2016,Q1,1,January,2,17,6,17
369,2016-01-18,2016,Q1,1,January,3,18,0,18
370,2016-01-19,2016,Q1,1,January,3,19,1,19
371,2016-01-22,2016,Q1,1,January,3,22,4,22
372,2016-01-23,2016,Q1,1,January,3,23,5,23
373,2016-01-24,2016,Q1,1,January,3,24,6,24
374,2016-01-26,2016,Q1,1,January,4,26,1,26
375,2016-01-27,2016,Q1,1,January,4,27,2,27
376,2016-01-28,2016,Q1,1,January,4,28,3,28
377,2016-01-29,2016,Q1,1,January,4,29,4,29
378,2016-01-30,2016,Q1,1,January,4,30,5,30
379,2016-01-31,2016,Q1,1,January,4,31,6,31
380,2016-02-01,2016,Q1,2,February,5,1,0,32
381,2016-02-03,2016,Q1,2,February,5,3,2,34
382,2016-02-04,2016,Q1,2,February,5,4,3,35
383,2016-02-05,2016,Q1,2,February,5,5,4,36
384,2016-02-06,2016,Q1,2,February,5,6,5,37
385,2016-02-07,2016,Q1,2,February,5,7,6,38
386,2016-02-08,2016,Q1,2,February,6,8,0,39
387,2016-02-09,2016,Q1,2,February,6,9,1,40
388,2016-02-10,2016,Q1,2,February,6,10,2,41
389,2016-02-11,2016,Q1,2,February,6,11,3,42
390,2016-02-13,2016,Q1,2,February,6,13,5,44
391,2016-02-14,2016,Q1,2,February,6,14,6,45
392,2016-02-15,2016,Q1,2,February,7,15,0,46
393,2016-02-16,2016,Q1,2,February,7,16,1,47
394,2016-02-18,2016,Q1,2,February,7,18,3,49
395,2016-02-19,2016,Q1,2,February,7,19,4,50
396,2016-02-20,2016,Q1,2,February,7,20,5,51
397,2016-02-21,2016,Q1,2,February,7,21,6,52
398,2016-02-22,2016,Q1,2,February,8,22,0,53
399,2016-02-23,2016,Q1,2,February,8,23,1,54
400,2016-02-24,2016,Q1,2,February,8,24,2,55
401,2016-02-25,2016,Q1,2,February,8,25,3,56
402,2016-02-27,2016,Q1,2,February,8,27,5,58
403,2016-02-28,2016,Q1,2,February,8,28,6,59
404,2016-03-01,2016,Q1,3,March,9,1,1,61
405,2016-03-02,2016,Q1,3,March,9,2,2,62
406,2016-03-03,2016,Q1,3,March,9,3,3,63
407,2016-03-04,2016,Q1,3,March,9,4,4,64
408,2016-03-05,2016,Q1,3,March,9,5,5,65
409,2016-03-06,2016,Q1,3,March,9,6,6,66
410,2016-03-07,2016,Q1,3,March,10,7,0,67
411,2016-03-08,2016,Q1,3,March,10,8,1,68
412,2016-03-09,2016,Q1,3,March,10,9,2,69
413,2016-03-10,2016,Q1,3,March,10,10,3,70
414,2016-03-11,2016,Q1,3,March,10,11,4,71
415,2016-03-12,2016,Q1,3,March,10,12,5,72
416,2016-03-13,2016,Q1,3,March,10,13,6,73
417,2016-03-14,2016,Q1,3,March,11,14,0,74
418,2016-03-15,2016,Q1,3,March,11,15,1,75
419,2016-03-16,2016,Q1,3,March,11,16,2,76
420,2016-03-17,2016,Q1,3,March,11,17,3,77
421,2016-03-18,2016,Q1,3,March,11,18,4,78
422,2016-03-19,2016,Q1,3,March,11,19,5,79
423,2016-03-20,2016,Q1,3,March,11,20,6,80
424,2016-03-21,2016,Q1,3,March,12,21,0,81
425,2016-03-22,2016,Q1,3,March,12,22,1,82
426,2016-03-23,2016,Q1,3,March,12,23,2,83
427,2016-03-24,2016,Q1,3,March,12,24,3,84
428,2016-03-25,2016,Q1,3,March,12,25,4,85
429,2016-03-26,2016,Q1,3,March,12,26,5,86
430,2016-03-27,2016,Q1,3,March,12,27,6,87
431,2016-03-28,2016,Q1,3,March,13,28,0,88
432,2016-03-29,2016,Q1,3,March,13,29,1,89
433,2016-03-30,2016,Q1,3,March,13,30,2,90
434,2016-03-31,2016,Q1,3,March,13,31,3,91
435,2016-04-02,2016,Q2,4,April,13,2,5,93
436,2016-04-03,2016,Q2,4,April,13,3,6,94
437,2016-04-04,2016,Q2,4,April,14,4,0,95
438,2016-04-05,2016,Q2,4,April,14,5,1,96
439,2016-04-06,2016,Q2,4,April,14,6,2,97
440,2016-04-07,2016,Q2,4,April,14,7,3,98
441,2016-04-08,2016,Q2,4,April,14,8,4,99
442,2016-04-09,2016,Q2,4,April,14,9,5,100
443,2016-04-10,2016,Q2,4,April,14,10,6,101
444,2016-04-11,2016,Q2,4,April,15,11,0,102
445,2016-04-13,2016,Q2,4,April,15,13,2,104
446,2016-04-14,2016,Q2,4,April,15,14,3,105
447,2016-04-15,2016,Q2,4,April,15,15,4,106
448,2016-04-16,2016,Q2,4,April,15,16,5,107
449,2016-04-17,2016,Q2,4,April,15,17,6,108
450,2016-04-18,2016,Q2,4,April,16,18,0,109
451,2016-04-19,2016,Q2,4,April,16,19,1,110
452,2016-04-20,2016,Q2,4,April,16,20,2,111
453,2016-04-21,2016,Q2,4,April,16,21,3,112
454,2016-04-22,2016,Q2,4,April,16,22,4,113
455,2016-04-23,2016,Q2,4,April,16,23,5,114
456,2016-04-24,2016,Q2,4,April,16,24,6,115
457,2016-04-25,2016,Q2,4,April,17,25,0,116
458,2016-04-26,2016,Q2,4,April,17,26,1,117
459,2016-04-27,2016,Q2,4,April,17,27,2,118
460,2016-04-28,2016,Q2,4,April,17,28,3,119
461,2016-04-29,2016,Q2,4,April,17,29,4,120
462,2016-04-30,2016,Q2,4,April,17,30,5,121
463,2016-05-01,2016,Q2,5,May,17,1,6,122
464,2016-05-02,2016,Q2,5,May,18,2,0,123
465,2016-05-03,2016,Q2,5,May,18,3,1,124
466,2016-05-04,2016,Q2,5,May,18,4,2,125
467,2016-05-05,2016,Q2,5,May,18,5,3,126
468,2016-05-06,2016,Q2,5,May,18,6,4,127
469,2016-05-07,2016,Q2,5,May,18,7,5,128
470,2016-05-08,2016,Q2,5,May,18,8,6,129
471,2016-05-09,2016,Q2,5,May,19,9,0,130
472,2016-05-10,2016,Q2,5,May,19,10,1,131
473,2016-05-11,2016,Q2,5,May,19,11,2,132
474,2016-05-12,2016,Q2,5,May,19,12,3,133
475,2016-05-13,2016,Q2,5,May,19,13,4,134
476,2016-05-14,2016,Q2,5,May,19,14,5,135
477,2016-05-15,2016,Q2,5,May,19,15,6,136
478,2016-05-16,2016,Q2,5,May,20,16,0,137
479,2016-05-17,2016,Q2,5,May,20,17,1,138
480,2016-05-18,2016,Q2,5,May,20,18,2,139
481,2016-05-19,2016,Q2,5,May,20,19,3,140
482,2016-05-20,2016,Q2,5,May,20,20,4,141
483,2016-05-21,2016,Q2,5,May,20,21,5,142
484,2016-05-22,2016,Q2,5,May,20,22,6,143
485,2016-05-23,2016,Q2,5,May,21,23,0,144
486,2016-05-24,2016,Q2,5,May,21,24,1,145
487,2016-05-25,2016,Q2,5,May,21,25,2,146
488,2016-05-26,2016,Q2,5,May,21,26,3,147
489,2016-05-27,2016,Q2,5,May,21,27,4,148
490,2016-05-28,2016,Q2,5,May,21,28,5,149
491,2016-05-29,2016,Q2,5,May,21,29,6,150
492,2016-05-30,2016,Q2,5,May,22,30,0,151
493,2016-05-31,2016,Q2,5,May,22,31,1,152
494,2016-06-01,2016,Q2,6,June,22,1,2,153
495,2016-06-02,2016,Q2,6,June,22,2,3,154
496,2016-06-03,2016,Q2,6,June,22,3,4,155
497,2016-06-04,2016,Q2,6,June,22,4,5,156
498,2016-06-05,2016,Q2,6,June,22,5,6,157
499,2016-06-07,2016,Q2,6,June,23,7,1,159
500,2016-06-08,2016,Q2,6,June,23,8,2,160
501,2016-06-09,2016,Q2,6,June,23,9,3,161
502,2016-06-10,2016,Q2,6,June,23,10,4,162
503,2016-06-11,2016,Q2,6,June,23,11,5,163
504,2016-06-12,2016,Q2,6,June,23,12,6,164
505,2016-06-13,2016,Q2,6,June,24,13,0,165
506,2016-06-14,2016,Q2,6,June,24,14,1,166
507,2016-06-15,2016,Q2,6,June,24,15,2,167
508,2016-06-16,2016,Q2,6,June,24,16,3,168
509,2016-06-17,2016,Q2,6,June,24,17,4,169
510,2016-06-18,2016,Q2,6,June,24,18,5,170
511,2016-06-19,2016,Q2,6,June,24,19,6,171
512,2016-06-20,2016,Q2,6,June,25,20,0,172
513,2016-06-21,2016,Q2,6,June,25,21,1,173
514,2016-06-22,2016,Q2,6,June,25,22,2,174
515,2016-06-23,2016,Q2,6,June,25,23,3,175
516,2016-06-24,2016,Q2,6,June,25,24,4,176
517,2016-06-25,2016,Q2,6,June,25,25,5,177
518,2016-06-26,2016,Q2,6,June,25,26,6,178
519,2016-06-27,2016,Q2,6,June,26,27,0,179
520,2016-06-28,2016,Q2,6,June,26,28,1,180
521,2016-06-29,2016,Q2,6,June,26,29,2,181
522,2016-06-30,2016,Q2,6,June,26,30,3,182
523,2016-07-01,2016,Q3,7,July,26,1,4,183
524,2016-07-02,2016,Q3,7,July,26,2,5,184
525,2016-07-03,2016,Q3,7,July,26,3,6,185
526,2016-07-04,2016,Q3,7,July,27,4,0,186
527,2016-07-05,2016,Q3,7,July,27,5,1,187
528,2016-07-06,2016,Q3,7,July,27,6,2,188
529,2016-07-08,2016,Q3,7,July,27,8,4,190
530,2016-07-09,2016,Q3,7,July,27,9,5,191
531,2016-07-10,2016,Q3,7,July,27,10,6,192
532,2016-07-11,2016,Q3,7,July,28,11,0,193
533,2016-07-12,2016,Q3,7,July,28,12,1,194
534,2016-07-13,2016,Q3,7,July,28,13,2,195
535,2016-07-14,2016,Q3,7,July,28,14,3,196
536,2016-07-15,2016,Q3,7,July,28,15,4,197
537,2016-07-16,2016,Q3,7,July,28,16,5,198
538,2016-07-17,2016,Q3,7,July,28,17,6,199
539,2016-07-18,2016,Q3,7,July,29,18,0,200
540,2016-07-19,2016,Q3,7,July,29,19,1,201
541,2016-07-20,2016,Q3,7,July,29,20,2,202
542,2016-07-21,2016,Q3,7,July,29,21,3,203
543,2016-07-22,2016,Q3,7,July,29,22,4,204
544,2016-07-23,2016,Q3,7,July,29,23,5,205
545,2016-07-24,2016,Q3,7,July,29,24,6,206
546,2016-07-25,2016,Q3,7,July,30,25,0,207
547,2016-07-26,2016,Q3,7,July,30,26,1,208
548,2016-07-27,2016,Q3,7,July,30,27,2,209
549,2016-07-28,2016,Q3,7,July,30,28,3,210
550,2016-07-29,2016,Q3,7,July,30,29,4,211
551,2016-07-30,2016,Q3,7,July,30,30,5,212
552,2016-07-31,2016,Q3,7,July,30,31,6,213
553,2016-08-01,2016,Q3,8,August,31,1,0,214
554,2016-08-02,2016,Q3,8,August,31,2,1,215
555,2016-08-03,2016,Q3,8,August,31,3,2,216
556,2016-08-05,2016,Q3,8,August,31,5,4,218
557,2016-08-06,2016,Q3,8,August,31,6,5,219
558,2016-08-07,2016,Q3,8,August,31,7,6,220
559,2016-08-08,2016,Q3,8,August,32,8,0,221
560,2016-08-09,2016,Q3,8,August,32,9,1,222
561,2016-08-10,2016,Q3,8,August,32,10,2,223
562,2016-08-11,2016,Q3,8,August,32,11,3,224
563,2016-08-12,2016,Q3,8,August,32,12,4,225
564,2016-08-13,2016,Q3,8,August,32,13,5,226
565,2016-08-14,2016,Q3,8,August,32,14,6,227
566,2016-08-15,2016,Q3,8,August,33,15,0,228
567,2016-08-16,2016,Q3,8,August,33,16,1,229
568,2016-08-17,2016,Q3,8,August,33,17,2,230
569,2016-08-19,2016,Q3,8,August,33,19,4,232
570,2016-08-20,2016,Q3,8,August,33,20,5,233
571,2016-08-21,2016,Q3,8,August,33,21,6,234
572,2016-08-22,2016,Q3,8,August,34,22,0,235
573,2016-08-23,2016,Q3,8,August,34,23,1,236
574,2016-08-24,2016,Q3,8,August,34,24,2,237
575,2016-08-25,2016,Q3,8,August,34,25,3,238
576,2016-08-26,2016,Q3,8,August,34,26,4,239
577,2016-08-27,2016,Q3,8,August,34,27,5,240
578,2016-08-28,2016,Q3,8,August,34,28,6,241
579,2016-08-29,2016,Q3,8,August,35,29,0,242
580,2016-08-30,2016,Q3,8,August,35,30,1,243
581,2016-08-31,2016,Q3,8,August,35,31,2,244
582,2016-09-01,2016,Q3,9,September,35,1,3,245
583,2016-09-02,2016,Q3,9,September,35,2,4,246
584,2016-09-03,2016,Q3,9,September,35,3,5,247
585,2016-09-04,2016,Q3,9,September,35,4,6,248
586,2016-09-05,2016,Q3,9,September,36,5,0,249
587,2016-09-06,2016,Q3,9,September,36,6,1,250
588,2016-09-07,2016,Q3,9,September,36,7,2,251
589,2016-09-08,2016,Q3,9,September,36,8,3,252
590,2016-09-09,2016,Q3,9,September,36,9,4,253
591,2016-09-10,2016,Q3,9,September,36,10,5,254
592,2016-09-11,2016,Q3,9,September,36,11,6,255
593,2016-09-12,2016,Q3,9,September,37,12,0,256
594,2016-09-13,2016,Q3,9,September,37,13,1,257
595,2016-09-14,2016,Q3,9,September,37,14,2,258
596,2016-09-15,2016,Q3,9,September,37,15,3,259
597,2016-09-16,2016,Q3,9,September,37,16,4,260
598,2016-09-17,2016,Q3,9,September,37,17,5,261
599,2016-09-18,2016,Q3,9,September,37,18,6,262
600,2016-09-19,2016,Q3,9,September,38,19,0,263
601,2016-09-20,2016,Q3,9,September,38,20,1,264
602,2016-09-21,2016,Q3,9,September,38,21,2,265
603,2016-09-22,2016,Q3,9,September,38,22,3,266
604,2016-09-23,2016,Q3,9,September,38,23,4,267
605,2016-09-24,2016,Q3,9,September,38,24,5,268
606,2016-09-25,2016,Q3,9,September,38,25,6,269
607,2016-09-26,2016,Q3,9,September,39,26,0,270
608,2016-09-27,2016,Q3,9,September,39,27,1,271
609,2016-09-28,2016,Q3,9,September,39,28,2,272
610,2016-09-29,2016,Q3,9,September,39,29,3,273
611,2016-09-30,2016,Q3,9,September,39,30,4,274
612,2016-10-01,2016,Q4,10,October,39,1,5,275
613,2016-10-02,2016,Q4,10,October,39,2,6,276
614,2016-10-03,2016,Q4,10,October,40,3,0,277
615,2016-10-04,2016,Q4,10,October,40,4,1,278
616,2016-10-05,2016,Q4,10,October,40,5,2,279
617,2016-10-06,2016,Q4,10,October,40,6,3,280
618,2016-10-07,2016,Q4,10,October,40,7,4,281
619,2016-10-08,2016,Q4,10,October,40,8,5,282
620,2016-10-09,2016,Q4,10,October,40,9,6,283
621,2016-10-10,2016,Q4,10,October,41,10,0,284
622,2016-10-11,2016,Q4,10,October,41,11,1,285
623,2016-10-12,2016,Q4,10,October,41,12,2,286
624,2016-10-13,2016,Q4,10,October,41,13,3,287
625,2016-10-14,2016,Q4,10,October,41,14,4,288
626,2016-10-15,2016,Q4,10,October,41,15,5,289
627,2016-10-16,2016,Q4,10,October,41,16,6,290
628,2016-10-17,2016,Q4,10,October,42,17,0,291
629,2016-10-18,2016,Q4,10,October,42,18,1,292
630,2016-10-19,2016,Q4,10,October,42,19,2,293
631,2016-10-20,2016,Q4,10,October,42,20,3,294
632,2016-10-22,2016,Q4,10,October,42,22,5,296
633,2016-10-23,2016,Q4,10,October,42,23,6,297
634,2016-10-24,2016,Q4,10,October,43,24,0,298
635,2016-10-25,2016,Q4,10,October,43,25,1,299
636,2016-10-26,2016,Q4,10,October,43,26,2,300
637,2016-10-27,2016,Q4,10,October,43,27,3,301
638,2016-10-28,2016,Q4,10,October,43,28,4,302
639,2016-10-29,2016,Q4,10,October,43,29,5,303
640,2016-10-30,2016,Q4,10,October,43,30,6,304
641,2016-10-31,2016,Q4,10,October,44,31,0,305
642,2016-11-01,2016,Q4,11,November,44,1,1,306
643,2016-11-02,2016,Q4,11,November,44,2,2,307
644,2016-11-03,2016,Q4,11,November,44,3,3,308
645,2016-11-04,2016,Q4,11,November,44,4,4,309
646,2016-11-05,2016,Q4,11,November,44,5,5,310
647,2016-11-06,2016,Q4,11,November,44,6,6,311
648,2016-11-07,2016,Q4,11,November,45,7,0,312
649,2016-11-08,2016,Q4,11,November,45,8,1,313
650,2016-11-09,2016,Q4,11,November,45,9,2,314
651,2016-11-10,2016,Q4,11,November,45,10,3,315
652,2016-11-11,2016,Q4,11,November,45,11,4,316
653,2016-11-12,2016,Q4,11,November,45,12,5,317
654,2016-11-13,2016,Q4,11,November,45,13,6,318
655,2016-11-14,2016,Q4,11,November,46,14,0,319
656,2016-11-15,2016,Q4,11,November,46,15,1,320
657,2016-11-16,2016,Q4,11,November,46,16,2,321
658,2016-11-17,2016,Q4,11,November,46,17,3,322
659,2016-11-18,2016,Q4,11,November,46,18,4,323
660,2016-11-19,2016,Q4,11,November,46,19,5,324
661,2016-11-20,2016,Q4,11,November,46,20,6,325
662,2016-11-21,2016,Q4,11,November,47,21,0,326
663,2016-11-22,2016,Q4,11,November,47,22,1,327
664,2016-11-23,2016,Q4,11,November,47,23,2,328
665,2016-11-24,2016,Q4,11,November,47,24,3,329
666,2016-11-25,2016,Q4,11,November,47,25,4,330
667,2016-11-26,2016,Q4,11,November,47,26,5,331
668,2016-11-27,2016,Q4,11,November,47,27,6,332
669,2016-11-28,2016,Q4,11,November,48,28,0,333
670,2016-11-29,2016,Q4,11,November,48,29,1,334
671,2016-11-30,2016,Q4,11,November,48,30,2,335
672,2016-12-01,2016,Q4,12,December,48,1,3,336
673,2016-12-02,2016,Q4,12,December,48,2,4,337
674,2016-12-03,2016,Q4,12,December,48,3,5,338
675,2016-12-04,2016,Q4,12,December,48,4,6,339
676,2016-12-05,2016,Q4,12,December,49,5,0,340
677,2016-12-06,2016,Q4,12,December,49,6,1,341
678,2016-12-07,2016,Q4,12,December,49,7,2,342
679,2016-12-08,2016,Q4,12,December,49,8,3,343
680,2016-12-09,2016,Q4,12,December,49,9,4,344
681,2016-12-10,2016,Q4,12,December,49,10,5,345
682,2016-12-11,2016,Q4,12,December,49,11,6,346
683,2016-12-12,2016,Q4,12,December,50,12,0,347
684,2016-12-13,2016,Q4,12,December,50,13,1,348
685,2016-12-14,2016,Q4,12,December,50,14,2,349
686,2016-12-15,2016,Q4,12,December,50,15,3,350
687,2016-12-16,2016,Q4,12,December,50,16,4,351
688,2016-12-17,2016,Q4,12,December,50,17,5,352
689,2016-12-18,2016,Q4,12,December,50,18,6,353
690,2016-12-19,2016,Q4,12,December,51,19,0,354
691,2016-12-20,2016,Q4,12,December,51,20,1,355
692,2016-12-21,2016,Q4,12,December,51,21,2,356
693,2016-12-22,2016,Q4,12,December,51,22,3,357
694,2016-12-23,2016,Q4,12,December,51,23,4,358
695,2016-12-24,2016,Q4,12,December,51,24,5,359
696,2016-12-25,2016,Q4,12,December,51,25,6,360
697,2016-12-26,2016,Q4,12,December,52,26,0,361
698,2016-12-27,2016,Q4,12,December,52,27,1,362
699,2016-12-28,2016,Q4,12,December,52,28,2,363
700,2016-12-29,2016,Q4,12,December,52,29,3,364
701,2016-12-30,2016,Q4,12,December,52,30,4,365
702,2016-12-31,2016,Q4,12,December,52,31,5,366
703,2017-01-01,2017,Q1,1,January,52,1,6,1
704,2017-01-02,2017,Q1,1,January,1,2,0,2
705,2017-01-03,2017,Q1,1,January,1,3,1,3
706,2017-01-04,2017,Q1,1,January,1,4,2,4
707,2017-01-05,2017,Q1,1,January,1,5,3,5
708,2017-01-07,2017,Q1,1,January,1,7,5,7
709,2017-01-08,2017,Q1,1,January,1,8,6,8
710,2017-01-09,2017,Q1,1,January,2,9,0,9
711,2017-01-10,2017,Q1,1,January,2,10,1,10
712,2017-01-11,2017,Q1,1,January,2,11,2,11
713,2017-01-12,2017,Q1,1,January,2,12,3,12
714,2017-01-13,2017,Q1,1,January,2,13,4,13
715,2017-01-14,2017,Q1,1,January,2,14,5,14
716,2017-01-15,2017,Q1,1,January,2,15,6,15
717,2017-01-16,2017,Q1,1,January,3,16,0,16
718,2017-01-17,2017,Q1,1,January,3,17,1,17
719,2017-01-19,2017,Q1,1,January,3,19,3,19
720,2017-01-20,2017,Q1,1,January,3,20,4,20
721,2017-01-21,2017,Q1,1,January,3,21,5,21
722,2017-01-22,2017,Q1,1,January,3,22,6,22
723,2017-01-23,2017,Q1,1,January,4,23,0,23
724,2017-01-24,2017,Q1,1,January,4,24,1,24
725,2017-01-25,2017,Q1,1,January,4,25,2,25
726,2017-01-26,2017,Q1,1,January,4,26,3,26
727,2017-01-27,2017,Q1,1,January,4,27,4,27
728,2017-01-28,2017,Q1,1,January,4,28,5,28
729,2017-01-29,2017,Q1,1,January,4,29,6,29
730,2017-01-30,2017,Q1,1,January,5,30,0,30
731,2017-01-31,2017,Q1,1,January,5,31,1,31
732,2017-02-01,2017,Q1,2,February,5,1,2,32
733,2017-02-02,2017,Q1,2,February,5,2,3,33
734,2017-02-03,2017,Q1,2,February,5,3,4,34
735,2017-02-04,2017,Q1,2,February,5,4,5,35
736,2017-02-05,2017,Q1,2,February,5,5,6,36
737,2017-02-06,2017,Q1,2,February,6,6,0,37
738,2017-02-07,2017,Q1,2,February,6,7,1,38
739,2017-02-08,2017,Q1,2,February,6,8,2,39
740,2017-02-09,2017,Q1,2,February,6,9,3,40
741,2017-02-10,2017,Q1,2,February,6,10,4,41
742,2017-02-11,2017,Q1,2,February,6,11,5,42
743,2017-02-12,2017,Q1,2,February,6,12,6,43
744,2017-02-13,2017,Q1,2,February,7,13,0,44
745,2017-02-14,2017,Q1,2,February,7,14,1,45
746,2017-02-15,2017,Q1,2,February,7,15,2,46
747,2017-02-16,2017,Q1,2,February,7,16,3,47
748,2017-02-18,2017,Q1,2,February,7,18,5,49
749,2017-02-19,2017,Q1,2,February,7,19,6,50
750,2017-02-20,2017,Q1,2,February,8,20,0,51
751,2017-02-21,2017,Q1,2,February,8,21,1,52
752,2017-02-22,2017,Q1,2,February,8,22,2,53
753,2017-02-23,2017,Q1,2,February,8,23,3,54
754,2017-02-24,2017,Q1,2,February,8,24,4,55
755,2017-02-25,2017,Q1,2,February,8,25,5,56
756,2017-02-26,2017,Q1,2,February,8,26,6,57
757,2017-02-27,2017,Q1,2,February,9,27,0,58
758,2017-02-28,2017,Q1,2,February,9,28,1,59
759,2017-03-01,2017,Q1,3,March,9,1,2,60
760,2017-03-02,2017,Q1,3,March,9,2,3,61
761,2017-03-03,2017,Q1,3,March,9,3,4,62
762,2017-03-04,2017,Q1,3,March,9,4,5,63
763,2017-03-05,2017,Q1,3,March,9,5,6,64
764,2017-03-06,2017,Q1,3,March,10,6,0,65
765,2017-03-07,2017,Q1,3,March,10,7,1,66
766,2017-03-08,2017,Q1,3,March,10,8,2,67
767,2017-03-09,2017,Q1,3,March,10,9,3,68
768,2017-03-10,2017,Q1,3,March,10,10,4,69
769,2017-03-11,2017,Q1,3,March,10,11,5,70
770,2017-03-12,2017,Q1,3,March,10,12,6,71
771,2017-03-13,2017,Q1,3,March,11,13,0,72
772,2017-03-14,2017,Q1,3,March,11,14,1,73
773,2017-03-15,2017,Q1,3,March,11,15,2,74
774,2017-03-16,2017,Q1,3,March,11,16,3,75
775,2017-03-17,2017,Q1,3,March,11,17,4,76
776,2017-03-18,2017,Q1,3,March,11,18,5,77
777,2017-03-19,2017,Q1,3,March,11,19,6,78
778,2017-03-20,2017,Q1,3,March,12,20,0,79
779,2017-03-21,2017,Q1,3,March,12,21,1,80
780,2017-03-22,2017,Q1,3,March,12,22,2,81
781,2017-03-23,2017,Q1,3,March,12,23,3,82
782,2017-03-24,2017,Q1,3,March,12,24,4,83
783,2017-03-25,2017,Q1,3,March,12,25,5,84
784,2017-03-26,2017,Q1,3,March,12,26,6,85
785,2017-03-27,2017,Q1,3,March,13,27,0,86
786,2017-03-28,2017,Q1,3,March,13,28,1,87
787,2017-03-29,2017,Q1,3,March,13,29,2,88
788,2017-03-30,2017,Q1,3,March,13,30,3,89
789,2017-03-31,2017,Q1,3,March,13,31,4,90
790,2017-04-01,2017,Q2,4,April,13,1,5,91
791,2017-04-02,2017,Q2,4,April,13,2,6,92
792,2017-04-03,2017,Q2,4,April,14,3,0,93
793,2017-04-04,2017,Q2,4,April,14,4,1,94
794,2017-04-05,2017,Q2,4,April,14,5,2,95
795,2017-04-06,2017,Q2,4,April,14,6,3,96
796,2017-04-07,2017,Q2,4,April,14,7,4,97
797,2017-04-08,2017,Q2,4,April,14,8,5,98
798,2017-04-09,2017,Q2,4,April,14,9,6,99
799,2017-04-10,2017,Q2,4,April,15,10,0,100
800,2017-04-11,2017,Q2,4,April,15,11,1,101
801,2017-04-12,2017,Q2,4,April,15,12,2,102
802,2017-04-13,2017,Q2,4,April,15,13,3,103
803,2017-04-14,2017,Q2,4,April,15,14,4,104
804,2017-04-15,2017,Q2,4,April,15,15,5,105
805,2017-04-16,2017,Q2,4,April,15,16,6,106
806,2017-04-17,2017,Q2,4,April,16,17,0,107
807,2017-04-18,2017,Q2,4,April,16,18,1,108
808,2017-04-19,2017,Q2,4,April,16,19,2,109
809,2017-04-20,2017,Q2,4,April,16,20,3,110
810,2017-04-21,2017,Q2,4,April,16,21,4,111
811,2017-04-22,2017,Q2,4,April,16,22,5,112
812,2017-04-23,2017,Q2,4,April,16,23,6,113
813,2017-04-24,2017,Q2,4,April,17,24,0,114
814,2017-04-25,2017,Q2,4,April,17,25,1,115
815,2017-04-26,2017,Q2,4,April,17,26,2,116
816,2017-04-27,2017,Q2,4,April,17,27,3,117
817,2017-04-28,2017,Q2,4,April,17,28,4,118
818,2017-04-29,2017,Q2,4,April,17,29,5,119
819,2017-04-30,2017,Q2,4,April,17,30,6,120
820,2017-05-01,2017,Q2,5,May,18,1,0,121
821,2017-05-02,2017,Q2,5,May,18,2,1,122
822,2017-05-03,2017,Q2,5,May,18,3,2,123
823,2017-05-04,2017,Q2,5,May,18,4,3,124
824,2017-05-05,2017,Q2,5,May,18,5,4,125
825,2017-05-06,2017,Q2,5,May,18,6,5,126
826,2017-05-07,2017,Q2,5,May,18,7,6,127
827,2017-05-08,2017,Q2,5,May,19,8,0,128
828,2017-05-09,2017,Q2,5,May,19,9,1,129
829,2017-05-10,2017,Q2,5,May,19,10,2,130
830,2017-05-11,2017,Q2,5,May,19,11,3,131
831,2017-05-12,2017,Q2,5,May,19,12,4,132
832,2017-05-13,2017,Q2,5,May,19,13,5,133
833,2017-05-14,2017,Q2,5,May,19,14,6,134
834,2017-05-15,2017,Q2,5,May,20,15,0,135
835,2017-05-16,2017,Q2,5,May,20,16,1,136
836,2017-05-17,2017,Q2,5,May,20,17,2,137
837,2017-05-18,2017,Q2,5,May,20,18,3,138
838,2017-05-19,2017,Q2,5,May,20,19,4,139
839,2017-05-20,2017,Q2,5,May,20,20,5,140
840,2017-05-21,2017,Q2,5,May,20,21,6,141
841,2017-05-22,2017,Q2,5,May,21,22,0,142
842,2017-05-23,2017,Q2,5,May,21,23,1,143
843,2017-05-24,2017,Q2,5,May,21,24,2,144
844,2017-05-25,2017,Q2,5,May,21,25,3,145
845,2017-05-26,2017,Q2,5,May,21,26,4,146
846,2017-05-27,2017,Q2,5,May,21,27,5,147
847,2017-05-28,2017,Q2,5,May,21,28,6,148
848,2017-05-29,2017,Q2,5,May,22,29,0,149
849,2017-05-30,2017,Q2,5,May,22,30,1,150
850,2017-05-31,2017,Q2,5,May,22,31,2,151
851,2017-06-01,2017,Q2,6,June,22,1,3,152
852,2017-06-02,2017,Q2,6,June,22,2,4,153
853,2017-06-03,2017,Q2,6,June,22,3,5,154
854,2017-06-04,2017,Q2,6,June,22,4,6,155
855,2017-06-05,2017,Q2,6,June,23,5,0,156
856,2017-06-06,2017,Q2,6,June,23,6,1,157
857,2017-06-07,2017,Q2,6,June,23,7,2,158
858,2017-06-09,2017,Q2,6,June,23,9,4,160
859,2017-06-10,2017,Q2,6,June,23,10,5,161
860,2017-06-11,2017,Q2,6,June,23,11,6,162
861,2017-06-12,2017,Q2,6,June,24,12,0,163
862,2017-06-13,2017,Q2,6,June,24,13,1,164
863,2017-06-14,2017,Q2,6,June,24,14,2,165
864,2017-06-15,2017,Q2,6,June,24,15,3,166
865,2017-06-16,2017,Q2,6,June,24,16,4,167
866,2017-06-17,2017,Q2,6,June,24,17,5,168
867,2017-06-18,2017,Q2,6,June,24,18,6,169
868,2017-06-19,2017,Q2,6,June,25,19,0,170
869,2017-06-20,2017,Q2,6,June,25,20,1,171
870,2017-06-21,2017,Q2,6,June,25,21,2,172
871,2017-06-22,2017,Q2,6,June,25,22,3,173
872,2017-06-23,2017,Q2,6,June,25,23,4,174
873,2017-06-24,2017,Q2,6,June,25,24,5,175
874,2017-06-25,2017,Q2,6,June,25,25,6,176
875,2017-06-26,2017,Q2,6,June,26,26,0,177
876,2017-06-27,2017,Q2,6,June,26,27,1,178
877,2017-06-28,2017,Q2,6,June,26,28,2,179
878,2017-06-29,2017,Q2,6,June,26,29,3,180
879,2017-06-30,2017,Q2,6,June,26,30,4,181
880,2017-07-01,2017,Q3,7,July,26,1,5,182
881,2017-07-02,2017,Q3,7,July,26,2,6,183
882,2017-07-03,2017,Q3,7,July,27,3,0,184
883,2017-07-04,2017,Q3,7,July,27,4,1,185
884,2017-07-06,2017,Q3,7,July,27,6,3,187
885,2017-07-07,2017,Q3,7,July,27,7,4,188
886,2017-07-08,2017,Q3,7,July,27,8,5,189
887,2017-07-09,2017,Q3,7,July,27,9,6,190
888,2017-07-10,2017,Q3,7,July,28,10,0,191
889,2017-07-11,2017,Q3,7,July,28,11,1,192
890,2017-07-12,2017,Q3,7,July,28,12,2,193
891,2017-07-13,2017,Q3,7,July,28,13,3,194
892,2017-07-14,2017,Q3,7,July,28,14,4,195
893,2017-07-15,2017,Q3,7,July,28,15,5,196
894,2017-07-16,2017,Q3,7,July,28,16,6,197
895,2017-07-17,2017,Q3,7,July,29,17,0,198
896,2017-07-18,2017,Q3,7,July,29,18,1,199
897,2017-07-19,2017,Q3,7,July,29,19,2,200
898,2017-07-20,2017,Q3,7,July,29,20,3,201
899,2017-07-21,2017,Q3,7,July,29,21,4,202
900,2017-07-22,2017,Q3,7,July,29,22,5,203
901,2017-07-23,2017,Q3,7,July,29,23,6,204
902,2017-07-24,2017,Q3,7,July,30,24,0,205
903,2017-07-25,2017,Q3,7,July,30,25,1,206
904,2017-07-26,2017,Q3,7,July,30,26,2,207
905,2017-07-27,2017,Q3,7,July,30,27,3,208
906,2017-07-28,2017,Q3,7,July,30,28,4,209
907,2017-07-29,2017,Q3,7,July,30,29,5,210
908,2017-07-30,2017,Q3,7,July,30,30,6,211
909,2017-07-31,2017,Q3,7,July,31,31,0,212
910,2017-08-01,2017,Q3,8,August,31,1,1,213
911,2017-08-02,2017,Q3,8,August,31,2,2,214
912,2017-08-03,2017,Q3,8,August,31,3,3,215
913,2017-08-04,2017,Q3,8,August,31,4,4,216
914,2017-08-05,2017,Q3,8,August,31,5,5,217
915,2017-08-06,2017,Q3,8,August,31,6,6,218
916,2017-08-07,2017,Q3,8,August,32,7,0,219
917,2017-08-08,2017,Q3,8,August,32,8,1,220
918,2017-08-09,2017,Q3,8,August,32,9,2,221
919,2017-08-10,2017,Q3,8,August,32,10,3,222
920,2017-08-11,2017,Q3,8,August,32,11,4,223
921,2017-08-12,2017,Q3,8,August,32,12,5,224
922,2017-08-13,2017,Q3,8,August,32,13,6,225
923,2017-08-14,2017,Q3,8,August,33,14,0,226
924,2017-08-15,2017,Q3,8,August,33,15,1,227
925,2017-08-16,2017,Q3,8,August,33,16,2,228
926,2017-08-17,2017,Q3,8,August,33,17,3,229
927,2017-08-18,2017,Q3,8,August,33,18,4,230
928,2017-08-19,2017,Q3,8,August,33,19,5,231
929,2017-08-20,2017,Q3,8,August,33,20,6,232
930,2017-08-21,2017,Q3,8,August,34,21,0,233
931,2017-08-22,2017,Q3,8,August,34,22,1,234
932,2017-08-23,2017,Q3,8,August,34,23,2,235
933,2017-08-24,2017,Q3,8,August,34,24,3,236
934,2017-08-26,2017,Q3,8,August,34,26,5,238
935,2017-08-27,2017,Q3,8,August,34,27,6,239
936,2017-08-28,2017,Q3,8,August,35,28,0,240
937,2017-08-29,2017,Q3,8,August,35,29,1,241
938,2017-08-30,2017,Q3,8,August,35,30,2,242
939,2017-08-31,2017,Q3,8,August,35,31,3,243
940,2017-09-01,2017,Q3,9,September,35,1,4,244
941,2017-09-02,2017,Q3,9,September,35,2,5,245
942,2017-09-03,2017,Q3,9,September,35,3,6,246
943,2017-09-04,2017,Q3,9,September,36,4,0,247
944,2017-09-05,2017,Q3,9,September,36,5,1,248
945,2017-09-06,2017,Q3,9,September,36,6,2,249
946,2017-09-07,2017,Q3,9,September,36,7,3,250
947,2017-09-08,2017,Q3,9,September,36,8,4,251
948,2017-09-09,2017,Q3,9,September,36,9,5,252
949,2017-09-10,2017,Q3,9,September,36,10,6,253
950,2017-09-11,2017,Q3,9,September,37,11,0,254
951,2017-09-12,2017,Q3,9,September,37,12,1,255
952,2017-09-13,2017,Q3,9,September,37,13,2,256
953,2017-09-14,2017,Q3,9,September,37,14,3,257
954,2017-09-15,2017,Q3,9,September,37,15,4,258
955,2017-09-16,2017,Q3,9,September,37,16,5,259
956,2017-09-17,2017,Q3,9,September,37,17,6,260
957,2017-09-18,2017,Q3,9,September,38,18,0,261
958,2017-09-19,2017,Q3,9,September,38,19,1,262
959,2017-09-20,2017,Q3,9,September,38,20,2,263
960,2017-09-21,2017,Q3,9,September,38,21,3,264
961,2017-09-22,2017,Q3,9,September,38,22,4,265
962,2017-09-23,2017,Q3,9,September,38,23,5,266
963,2017-09-24,2017,Q3,9,September,38,24,6,267
964,2017-09-25,2017,Q3,9,September,39,25,0,268
965,2017-09-26,2017,Q3,9,September,39,26,1,269
966,2017-09-27,2017,Q3,9,September,39,27,2,270
967,2017-09-28,2017,Q3,9,September,39,28,3,271
968,2017-09-29,2017,Q3,9,September,39,29,4,272
969,2017-09-30,2017,Q3,9,September,39,30,5,273
970,2017-10-01,2017,Q4,10,October,39,1,6,274
971,2017-10-02,2017,Q4,10,October,40,2,0,275
972,2017-10-03,2017,Q4,10,October,40,3,1,276
973,2017-10-04,2017,Q4,10,October,40,4,2,277
974,2017-10-05,2017,Q4,10,October,40,5,3,278
975,2017-10-06,2017,Q4,10,October,40,6,4,279
976,2017-10-07,2017,Q4,10,October,40,7,5,280
977,2017-10-08,2017,Q4,10,October,40,8,6,281
978,2017-10-09,2017,Q4,10,October,41,9,0,282
979,2017-10-10,2017,Q4,10,October,41,10,1,283
980,2017-10-11,2017,Q4,10,October,41,11,2,284
981,2017-10-12,2017,Q4,10,October,41,12,3,285
982,2017-10-13,2017,Q4,10,October,41,13,4,286
983,2017-10-14,2017,Q4,10,October,41,14,5,287
984,2017-10-15,2017,Q4,10,October,41,15,6,288
985,2017-10-16,2017,Q4,10,October,42,16,0,289
986,2017-10-17,2017,Q4,10,October,42,17,1,290
987,2017-10-18,2017,Q4,10,October,42,18,2,291
988,2017-10-19,2017,Q4,10,October,42,19,3,292
989,2017-10-20,2017,Q4,10,October,42,20,4,293
990,2017-10-21,2017,Q4,10,October,42,21,5,294
991,2017-10-22,2017,Q4,10,October,42,22,6,295
992,2017-10-23,2017,Q4,10,October,43,23,0,296
993,2017-10-24,2017,Q4,10,October,43,24,1,297
994,2017-10-25,2017,Q4,10,October,43,25,2,298
995,2017-10-26,2017,Q4,10,October,43,26,3,299
996,2017-10-27,2017,Q4,10,October,43,27,4,300
997,2017-10-28,2017,Q4,10,October,43,28,5,301
998,2017-10-29,2017,Q4,10,October,43,29,6,302
999,2017-10-30,2017,Q4,10,October,44,30,0,303
1000,2017-10-31,2017,Q4,10,October,44,31,1,304
1001,2017-11-01,2017,Q4,11,November,44,1,2,305
1002,2017-11-02,2017,Q4,11,November,44,2,3,306
1003,2017-11-03,2017,Q4,11,November,44,3,4,307
1004,2017-11-04,2017,Q4,11,November,44,4,5,308
1005,2017-11-05,2017,Q4,11,November,44,5,6,309
1006,2017-11-06,2017,Q4,11,November,45,6,0,310
1007,2017-11-07,2017,Q4,11,November,45,7,1,311
1008,2017-11-08,2017,Q4,11,November,45,8,2,312
1009,2017-11-09,2017,Q4,11,November,45,9,3,313
1010,2017-11-10,2017,Q4,11,November,45,10,4,314
1011,2017-11-11,2017,Q4,11,November,45,11,5,315
1012,2017-11-12,2017,Q4,11,November,45,12,6,316
1013,2017-11-13,2017,Q4,11,November,46,13,0,317
1014,2017-11-14,2017,Q4,11,November,46,14,1,318
1015,2017-11-15,2017,Q4,11,November,46,15,2,319
1016,2017-11-16,2017,Q4,11,November,46,16,3,320
1017,2017-11-17,2017,Q4,11,November,46,17,4,321
1018,2017-11-18,2017,Q4,11,November,46,18,5,322
1019,2017-11-19,2017,Q4,11,November,46,19,6,323
1020,2017-11-20,2017,Q4,11,November,47,20,0,324
1021,2017-11-21,2017,Q4,11,November,47,21,1,325
1022,2017-11-22,2017,Q4,11,November,47,22,2,326
1023,2017-11-23,2017,Q4,11,November,47,23,3,327
1024,2017-11-24,2017,Q4,11,November,47,24,4,328
1025,2017-11-25,2017,Q4,11,November,47,25,5,329
1026,2017-11-26,2017,Q4,11,November,47,26,6,330
1027,2017-11-27,2017,Q4,11,November,48,27,0,331
1028,2017-11-28,2017,Q4,11,November,48,28,1,332
1029,2017-11-29,2017,Q4,11,November,48,29,2,333
1030,2017-11-30,2017,Q4,11,November,48,30,3,334
1031,2017-12-01,2017,Q4,12,December,48,1,4,335
1032,2017-12-02,2017,Q4,12,December,48,2,5,336
1033,2017-12-03,2017,Q4,12,December,48,3,6,337
1034,2017-12-04,2017,Q4,12,December,49,4,0,338
1035,2017-12-05,2017,Q4,12,December,49,5,1,339
1036,2017-12-06,2017,Q4,12,December,49,6,2,340
1037,2017-12-07,2017,Q4,12,December,49,7,3,341
1038,2017-12-08,2017,Q4,12,December,49,8,4,342
1039,2017-12-09,2017,Q4,12,December,49,9,5,343
1040,2017-12-10,2017,Q4,12,December,49,10,6,344
1041,2017-12-11,2017,Q4,12,December,50,11,0,345
1042,2017-12-12,2017,Q4,12,December,50,12,1,346
1043,2017-12-13,2017,Q4,12,December,50,13,2,347
1044,2017-12-14,2017,Q4,12,December,50,14,3,348
1045,2017-12-15,2017,Q4,12,December,50,15,4,349
1046,2017-12-16,2017,Q4,12,December,50,16,5,350
1047,2017-12-17,2017,Q4,12,December,50,17,6,351
1048,2017-12-18,2017,Q4,12,December,51,18,0,352
1049,2017-12-19,2017,Q4,12,December,51,19,1,353
1050,2017-12-20,2017,Q4,12,December,51,20,2,354
1051,2017-12-21,2017,Q4,12,December,51,21,3,355
1052,2017-12-22,2017,Q4,12,December,51,22,4,356
1053,2017-12-23,2017,Q4,12,December,51,23,5,357
1054,2017-12-24,2017,Q4,12,December,51,24,6,358
1055,2017-12-25,2017,Q4,12,December,52,25,0,359
1056,2017-12-26,2017,Q4,12,December,52,26,1,360
1057,2017-12-27,2017,Q4,12,December,52,27,2,361
1058,2017-12-28,2017,Q4,12,December,52,28,3,362
1059,2017-12-29,2017,Q4,12,December,52,29,4,363
1060,2017-12-30,2017,Q4,12,December,52,30,5,364
1061,2017-12-31,2017,Q4,12,December,52,31,6,365
1062,2018-01-01,2018,Q1,1,January,1,1,0,1
1063,2018-01-02,2018,Q1,1,January,1,2,1,2
1064,2018-01-03,2018,Q1,1,January,1,3,2,3
1065,2018-01-04,2018,Q1,1,January,1,4,3,4
1066,2018-01-05,2018,Q1,1,January,1,5,4,5
1067,2018-01-06,2018,Q1,1,January,1,6,5,6
1068,2018-01-07,2018,Q1,1,January,1,7,6,7
1069,2018-01-08,2018,Q1,1,January,2,8,0,8
1070,2018-01-09,2018,Q1,1,January,2,9,1,9
1071,2018-01-10,2018,Q1,1,January,2,10,2,10
1072,2018-01-11,2018,Q1,1,January,2,11,3,11
1073,2018-01-12,2018,Q1,1,January,2,12,4,12
1074,2018-01-13,2018,Q1,1,January,2,13,5,13
1075,2018-01-14,2018,Q1,1,January,2,14,6,14
1076,2018-01-15,2018,Q1,1,January,3,15,0,15
1077,2018-01-16,2018,Q1,1,January,3,16,1,16
1078,2018-01-17,2018,Q1,1,January,3,17,2,17
1079,2018-01-18,2018,Q1,1,January,3,18,3,18
1080,2018-01-19,2018,Q1,1,January,3,19,4,19
1081,2018-01-20,2018,Q1,1,January,3,20,5,20
1082,2018-01-21,2018,Q1,1,January,3,21,6,21
1083,2018-01-22,2018,Q1,1,January,4,22,0,22
1084,2018-01-23,2018,Q1,1,January,4,23,1,23
1085,2018-01-24,2018,Q1,1,January,4,24,2,24
1086,2018-01-25,2018,Q1,1,January,4,25,3,25
1087,2018-01-26,2018,Q1,1,January,4,26,4,26
1088,2018-01-27,2018,Q1,1,January,4,27,5,27
1089,2018-01-28,2018,Q1,1,January,4,28,6,28
1090,2018-01-29,2018,Q1,1,January,5,29,0,29
1091,2018-01-30,2018,Q1,1,January,5,30,1,30
1092,2018-01-31,2018,Q1,1,January,5,31,2,31
1093,2018-02-01,2018,Q1,2,February,5,1,3,32
1094,2018-02-02,2018,Q1,2,February,5,2,4,33
1095,2018-02-03,2018,Q1,2,February,5,3,5,34
1096,2018-02-04,2018,Q1,2,February,5,4,6,35
1097,2018-02-05,2018,Q1,2,February,6,5,0,36
1098,2018-02-06,2018,Q1,2,February,6,6,1,37
1099,2018-02-07,2018,Q1,2,February,6,7,2,38
1100,2018-02-08,2018,Q1,2,February,6,8,3,39
1101,2018-02-09,2018,Q1,2,February,6,9,4,40
1102,2018-02-10,2018,Q1,2,February,6,10,5,41
1103,2018-02-11,2018,Q1,2,February,6,11,6,42
1104,2018-02-12,2018,Q1,2,February,7,12,0,43
1105,2018-02-13,2018,Q1,2,February,7,13,1,44
1106,2018-02-14,2018,Q1,2,February,7,14,2,45
1107,2018-02-15,2018,Q1,2,February,7,15,3,46
1108,2018-02-16,2018,Q1,2,February,7,16,4,47
1109,2018-02-17,2018,Q1,2,February,7,17,5,48
1110,2018-02-18,2018,Q1,2,February,7,18,6,49
1111,2018-02-19,2018,Q1,2,February,8,19,0,50
1112,2018-02-20,2018,Q1,2,February,8,20,1,51
1113,2018-02-21,2018,Q1,2,February,8,21,2,52
1114,2018-02-22,2018,Q1,2,February,8,22,3,53
1115,2018-02-23,2018,Q1,2,February,8,23,4,54
1116,2018-02-24,2018,Q1,2,February,8,24,5,55
1117,2018-02-25,2018,Q1,2,February,8,25,6,56
1118,2018-02-26,2018,Q1,2,February,9,26,0,57
1119,2018-02-27,2018,Q1,2,February,9,27,1,58
1120,2018-02-28,2018,Q1,2,February,9,28,2,59
1121,2018-03-01,2018,Q1,3,March,9,1,3,60
1122,2018-03-02,2018,Q1,3,March,9,2,4,61
1123,2018-03-03,2018,Q1,3,March,9,3,5,62
1124,2018-03-04,2018,Q1,3,March,9,4,6,63
1125,2018-03-05,2018,Q1,3,March,10,5,0,64
1126,2018-03-06,2018,Q1,3,March,10,6,1,65
1127,2018-03-07,2018,Q1,3,March,10,7,2,66
1128,2018-03-08,2018,Q1,3,March,10,8,3,67
1129,2018-03-09,2018,Q1,3,March,10,9,4,68
1130,2018-03-10,2018,Q1,3,March,10,10,5,69
1131,2018-03-11,2018,Q1,3,March,10,11,6,70
1132,2018-03-12,2018,Q1,3,March,11,12,0,71
1133,2018-03-13,2018,Q1,3,March,11,13,1,72
1134,2018-03-14,2018,Q1,3,March,11,14,2,73
1135,2018-03-15,2018,Q1,3,March,11,15,3,74
1136,2018-03-16,2018,Q1,3,March,11,16,4,75
1137,2018-03-17,2018,Q1,3,March,11,17,5,76
1138,2018-03-18,2018,Q1,3,March,11,18,6,77
1139,2018-03-19,2018,Q1,3,March,12,19,0,78
1140,2018-03-20,2018,Q1,3,March,12,20,1,79
1141,2018-03-21,2018,Q1,3,March,12,21,2,80
1142,2018-03-22,2018,Q1,3,March,12,22,3,81
1143,2018-03-23,2018,Q1,3,March,12,23,4,82
1144,2018-03-24,2018,Q1,3,March,12,24,5,83
1145,2018-03-25,2018,Q1,3,March,12,25,6,84
1146,2018-03-26,2018,Q1,3,March,13,26,0,85
1147,2018-03-27,2018,Q1,3,March,13,27,1,86
1148,2018-03-28,2018,Q1,3,March,13,28,2,87
1149,2018-03-29,2018,Q1,3,March,13,29,3,88
1150,2018-03-30,2018,Q1,3,March,13,30,4,89
1151,2018-03-31,2018,Q1,3,March,13,31,5,90
1152,2018-04-01,2018,Q2,4,April,13,1,6,91
1153,2018-04-02,2018,Q2,4,April,14,2,0,92
1154,2018-04-03,2018,Q2,4,April,14,3,1,93
1155,2018-04-04,2018,Q2,4,April,14,4,2,94
1156,2018-04-05,2018,Q2,4,April,14,5,3,95
1157,2018-04-06,2018,Q2,4,April,14,6,4,96
1158,2018-04-07,2018,Q2,4,April,14,7,5,97
1159,2018-04-08,2018,Q2,4,April,14,8,6,98
1160,2018-04-09,2018,Q2,4,April,15,9,0,99
1161,2018-04-10,2018,Q2,4,April,15,10,1,100
1162,2018-04-11,2018,Q2,4,April,15,11,2,101
1163,2018-04-12,2018,Q2,4,April,15,12,3,102
1164,2018-04-13,2018,Q2,4,April,15,13,4,103
1165,2018-04-14,2018,Q2,4,April,15,14,5,104
1166,2018-04-15,2018,Q2,4,April,15,15,6,105
1167,2018-04-16,2018,Q2,4,April,16,16,0,106
1168,2018-04-17,2018,Q2,4,April,16,17,1,107
1169,2018-04-18,2018,Q2,4,April,16,18,2,108
1170,2018-04-19,2018,Q2,4,April,16,19,3,109
1171,2018-04-20,2018,Q2,4,April,16,20,4,110
1172,2018-04-21,2018,Q2,4,April,16,21,5,111
1173,2018-04-22,2018,Q2,4,April,16,22,6,112
1174,2018-04-23,2018,Q2,4,April,17,23,0,113
1175,2018-04-24,2018,Q2,4,April,17,24,1,114
1176,2018-04-25,2018,Q2,4,April,17,25,2,115
1177,2018-04-26,2018,Q2,4,April,17,26,3,116
1178,2018-04-27,2018,Q2,4,April,17,27,4,117
1179,2018-04-28,2018,Q2,4,April,17,28,5,118
1180,2018-04-29,2018,Q2,4,April,17,29,6,119
1181,2018-04-30,2018,Q2,4,April,18,30,0,120
1182,2018-05-01,2018,Q2,5,May,18,1,1,121
1183,2018-05-02,2018,Q2,5,May,18,2,2,122
1184,2018-05-03,2018,Q2,5,May,18,3,3,123
1185,2018-05-04,2018,Q2,5,May,18,4,4,124
1186,2018-05-05,2018,Q2,5,May,18,5,5,125
1187,2018-05-06,2018,Q2,5,May,18,6,6,126
1188,2018-05-07,2018,Q2,5,May,19,7,0,127
1189,2018-05-08,2018,Q2,5,May,19,8,1,128
1190,2018-05-09,2018,Q2,5,May,19,9,2,129
1191,2018-05-10,2018,Q2,5,May,19,10,3,130
1192,2018-05-11,2018,Q2,5,May,19,11,4,131
1193,2018-05-12,2018,Q2,5,May,19,12,5,132
1194,2018-05-13,2018,Q2,5,May,19,13,6,133
1195,2018-05-14,2018,Q2,5,May,20,14,0,134
1196,2018-05-15,2018,Q2,5,May,20,15,1,135
1197,2018-05-16,2018,Q2,5,May,20,16,2,136
1198,2018-05-17,2018,Q2,5,May,20,17,3,137
1199,2018-05-18,2018,Q2,5,May,20,18,4,138
1200,2018-05-19,2018,Q2,5,May,20,19,5,139
1201,2018-05-20,2018,Q2,5,May,20,20,6,140
1202,2018-05-21,2018,Q2,5,May,21,21,0,141
1203,2018-05-22,2018,Q2,5,May,21,22,1,142
1204,2018-05-23,2018,Q2,5,May,21,23,2,143
1205,2018-05-24,2018,Q2,5,May,21,24,3,144
1206,2018-05-25,2018,Q2,5,May,21,25,4,145
1207,2018-05-26,2018,Q2,5,May,21,26,5,146
1208,2018-05-27,2018,Q2,5,May,21,27,6,147
1209,2018-05-28,2018,Q2,5,May,22,28,0,148
1210,2018-05-29,2018,Q2,5,May,22,29,1,149
1211,2018-05-30,2018,Q2,5,May,22,30,2,150
1212,2018-05-31,2018,Q2,5,May,22,31,3,151
1213,2018-06-01,2018,Q2,6,June,22,1,4,152
1214,2018-06-02,2018,Q2,6,June,22,2,5,153
1215,2018-06-03,2018,Q2,6,June,22,3,6,154
1216,2018-06-04,2018,Q2,6,June,23,4,0,155
1217,2018-06-05,2018,Q2,6,June,23,5,1,156
1218,2018-06-06,2018,Q2,6,June,23,6,2,157
1219,2018-06-07,2018,Q2,6,June,23,7,3,158
1220,2018-06-08,2018,Q2,6,June,23,8,4,159
1221,2018-06-09,2018,Q2,6,June,23,9,5,160
1222,2018-06-10,2018,Q2,6,June,23,10,6,161
1223,2018-06-11,2018,Q2,6,June,24,11,0,162
1224,2018-06-12,2018,Q2,6,June,24,12,1,163
1225,2018-06-13,2018,Q2,6,June,24,13,2,164
1226,2018-06-14,2018,Q2,6,June,24,14,3,165
1227,2018-06-15,2018,Q2,6,June,24,15,4,166
1228,2018-06-16,2018,Q2,6,June,24,16,5,167
1229,2018-06-17,2018,Q2,6,June,24,17,6,168
1230,2018-06-18,2018,Q2,6,June,25,18,0,169
1231,2018-06-19,2018,Q2,6,June,25,19,1,170
1232,2018-06-20,2018,Q2,6,June,25,20,2,171
1233,2018-06-21,2018,Q2,6,June,25,21,3,172
1234,2018-06-22,2018,Q2,6,June,25,22,4,173
1235,2018-06-23,2018,Q2,6,June,25,23,5,174
1236,2018-06-24,2018,Q2,6,June,25,24,6,175
1237,2018-06-25,2018,Q2,6,June,26,25,0,176
1238,2018-06-26,2018,Q2,6,June,26,26,1,177
1239,2018-06-27,2018,Q2,6,June,26,27,2,178
1240,2018-06-28,2018,Q2,6,June,26,28,3,179
1241,2018-06-29,2018,Q2,6,June,26,29,4,180
1242,2018-06-30,2018,Q2,6,June,26,30,5,181
1243,2018-07-01,2018,Q3,7,July,26,1,6,182
1244,2018-07-02,2018,Q3,7,July,27,2,0,183
1245,2018-07-03,2018,Q3,7,July,27,3,1,184
1246,2018-07-04,2018,Q3,7,July,27,4,2,185
1247,2018-07-05,2018,Q3,7,July,27,5,3,186
1248,2018-07-06,2018,Q3,7,July,27,6,4,187
1249,2018-07-07,2018,Q3,7,July,27,7,5,188
1250,2018-07-08,2018,Q3,7,July,27,8,6,189
1251,2018-07-09,2018,Q3,7,July,28,9,0,190
1252,2018-07-10,2018,Q3,7,July,28,10,1,191
1253,2018-07-11,2018,Q3,7,July,28,11,2,192
1254,2018-07-12,2018,Q3,7,July,28,12,3,193
1255,2018-07-13,2018,Q3,7,July,28,13,4,194
1256,2018-07-14,2018,Q3,7,July,28,14,5,195
1257,2018-07-15,2018,Q3,7,July,28,15,6,196
1258,2018-07-16,2018,Q3,7,July,29,16,0,197
1259,2018-07-17,2018,Q3,7,July,29,17,1,198
1260,2018-07-18,2018,Q3,7,July,29,18,2,199
1261,2018-07-19,2018,Q3,7,July,29,19,3,200
1262,2018-07-20,2018,Q3,7,July,29,20,4,201
1263,2018-07-21,2018,Q3,7,July,29,21,5,202
1264,2018-07-22,2018,Q3,7,July,29,22,6,203
1265,2018-07-23,2018,Q3,7,July,30,23,0,204
1266,2018-07-24,2018,Q3,7,July,30,24,1,205
1267,2018-07-25,2018,Q3,7,July,30,25,2,206
1268,2018-07-26,2018,Q3,7,July,30,26,3,207
1269,2018-07-27,2018,Q3,7,July,30,27,4,208
1270,2018-07-28,2018,Q3,7,July,30,28,5,209
1271,2018-07-29,2018,Q3,7,July,30,29,6,210
1272,2018-07-30,2018,Q3,7,July,31,30,0,211
1273,2018-07-31,2018,Q3,7,July,31,31,1,212
1274,2018-08-01,2018,Q3,8,August,31,1,2,213
1275,2018-08-02,2018,Q3,8,August,31,2,3,214
1276,2018-08-03,2018,Q3,8,August,31,3,4,215
1277,2018-08-04,2018,Q3,8,August,31,4,5,216
1278,2018-08-05,2018,Q3,8,August,31,5,6,217
1279,2018-08-06,2018,Q3,8,August,32,6,0,218
1280,2018-08-07,2018,Q3,8,August,32,7,1,219
1281,2018-08-08,2018,Q3,8,August,32,8,2,220
1282,2018-08-09,2018,Q3,8,August,32,9,3,221
1283,2018-08-10,2018,Q3,8,August,32,10,4,222
1284,2018-08-11,2018,Q3,8,August,32,11,5,223
1285,2018-08-12,2018,Q3,8,August,32,12,6,224
1286,2018-08-13,2018,Q3,8,August,33,13,0,225
1287,2018-08-14,2018,Q3,8,August,33,14,1,226
1288,2018-08-15,2018,Q3,8,August,33,15,2,227
1289,2018-08-16,2018,Q3,8,August,33,16,3,228
1290,2018-08-17,2018,Q3,8,August,33,17,4,229
1291,2018-08-18,2018,Q3,8,August,33,18,5,230
1292,2018-08-19,2018,Q3,8,August,33,19,6,231
1293,2018-08-20,2018,Q3,8,August,34,20,0,232
1294,2018-08-21,2018,Q3,8,August,34,21,1,233
1295,2018-08-22,2018,Q3,8,August,34,22,2,234
1296,2018-08-23,2018,Q3,8,August,34,23,3,235
1297,2018-08-24,2018,Q3,8,August,34,24,4,236
1298,2018-08-25,2018,Q3,8,August,34,25,5,237
1299,2018-08-26,2018,Q3,8,August,34,26,6,238
1300,2018-08-27,2018,Q3,8,August,35,27,0,239
1301,2018-08-28,2018,Q3,8,August,35,28,1,240
1302,2018-08-29,2018,Q3,8,August,35,29,2,241
1303,2018-08-30,2018,Q3,8,August,35,30,3,242
1304,2018-08-31,2018,Q3,8,August,35,31,4,243
1305,2018-09-01,2018,Q3,9,September,35,1,5,244
1306,2018-09-02,2018,Q3,9,September,35,2,6,245
1307,2018-09-03,2018,Q3,9,September,36,3,0,246
1308,2018-09-04,2018,Q3,9,September,36,4,1,247
1309,2018-09-05,2018,Q3,9,September,36,5,2,248
1310,2018-09-06,2018,Q3,9,September,36,6,3,249
1311,2018-09-07,2018,Q3,9,September,36,7,4,250
1312,2018-09-08,2018,Q3,9,September,36,8,5,251
1313,2018-09-09,2018,Q3,9,September,36,9,6,252
1314,2018-09-10,2018,Q3,9,September,37,10,0,253
1315,2018-09-11,2018,Q3,9,September,37,11,1,254
1316,2018-09-12,2018,Q3,9,September,37,12,2,255
1317,2018-09-13,2018,Q3,9,September,37,13,3,256
1318,2018-09-14,2018,Q3,9,September,37,14,4,257
1319,2018-09-15,2018,Q3,9,September,37,15,5,258
1320,2018-09-16,2018,Q3,9,September,37,16,6,259
1321,2018-09-17,2018,Q3,9,September,38,17,0,260
1322,2018-09-18,2018,Q3,9,September,38,18,1,261
1323,2018-09-19,2018,Q3,9,September,38,19,2,262
1324,2018-09-20,2018,Q3,9,September,38,20,3,263
1325,2018-09-21,2018,Q3,9,September,38,21,4,264
1326,2018-09-22,2018,Q3,9,September,38,22,5,265
1327,2018-09-23,2018,Q3,9,September,38,23,6,266
1328,2018-09-24,2018,Q3,9,September,39,24,0,267
1329,2018-09-25,2018,Q3,9,September,39,25,1,268
1330,2018-09-26,2018,Q3,9,September,39,26,2,269
1331,2018-09-27,2018,Q3,9,September,39,27,3,270
1332,2018-09-28,2018,Q3,9,September,39,28,4,271
1333,2018-09-29,2018,Q3,9,September,39,29,5,272
1334,2018-09-30,2018,Q3,9,September,39,30,6,273
1335,2018-10-01,2018,Q4,10,October,40,1,0,274
1336,2018-10-02,2018,Q4,10,October,40,2,1,275
1337,2018-10-03,2018,Q4,10,October,40,3,2,276
1338,2018-10-04,2018,Q4,10,October,40,4,3,277
1339,2018-10-05,2018,Q4,10,October,40,5,4,278
1340,2018-10-06,2018,Q4,10,October,40,6,5,279
1341,2018-10-07,2018,Q4,10,October,40,7,6,280
1342,2018-10-08,2018,Q4,10,October,41,8,0,281
1343,2018-10-09,2018,Q4,10,October,41,9,1,282
1344,2018-10-10,2018,Q4,10,October,41,10,2,283
1345,2018-10-11,2018,Q4,10,October,41,11,3,284
1346,2018-10-12,2018,Q4,10,October,41,12,4,285
1347,2018-10-13,2018,Q4,10,October,41,13,5,286
1348,2018-10-14,2018,Q4,10,October,41,14,6,287
1349,2018-10-15,2018,Q4,10,October,42,15,0,288
1350,2018-10-16,2018,Q4,10,October,42,16,1,289
1351,2018-10-17,2018,Q4,10,October,42,17,2,290
1352,2018-10-18,2018,Q4,10,October,42,18,3,291
1353,2018-10-19,2018,Q4,10,October,42,19,4,292
1354,2018-10-20,2018,Q4,10,October,42,20,5,293
1355,2018-10-21,2018,Q4,10,October,42,21,6,294
1356,2018-10-22,2018,Q4,10,October,43,22,0,295
1357,2018-10-23,2018,Q4,10,October,43,23,1,296
1358,2018-10-24,2018,Q4,10,October,43,24,2,297
1359,2018-10-25,2018,Q4,10,October,43,25,3,298
1360,2018-10-26,2018,Q4,10,October,43,26,4,299
1361,2018-10-27,2018,Q4,10,October,43,27,5,300
1362,2018-10-28,2018,Q4,10,October,43,28,6,301
1363,2018-10-29,2018,Q4,10,October,44,29,0,302
1364,2018-10-30,2018,Q4,10,October,44,30,1,303
1365,2018-10-31,2018,Q4,10,October,44,31,2,304
1366,2018-11-01,2018,Q4,11,November,44,1,3,305
1367,2018-11-02,2018,Q4,11,November,44,2,4,306
1368,2018-11-03,2018,Q4,11,November,44,3,5,307
1369,2018-11-04,2018,Q4,11,November,44,4,6,308
1370,2018-11-05,2018,Q4,11,November,45,5,0,309
1371,2018-11-06,2018,Q4,11,November,45,6,1,310
1372,2018-11-07,2018,Q4,11,November,45,7,2,311
1373,2018-11-08,2018,Q4,11,November,45,8,3,312
1374,2018-11-09,2018,Q4,11,November,45,9,4,313
1375,2018-11-10,2018,Q4,11,November,45,10,5,314
1376,2018-11-11,2018,Q4,11,November,45,11,6,315
1377,2018-11-12,2018,Q4,11,November,46,12,0,316
1378,2018-11-13,2018,Q4,11,November,46,13,1,317
1379,2018-11-14,2018,Q4,11,November,46,14,2,318
1380,2018-11-15,2018,Q4,11,November,46,15,3,319
1381,2018-11-16,2018,Q4,11,November,46,16,4,320
1382,2018-11-17,2018,Q4,11,November,46,17,5,321
1383,2018-11-18,2018,Q4,11,November,46,18,6,322
1384,2018-11-19,2018,Q4,11,November,47,19,0,323
1385,2018-11-20,2018,Q4,11,November,47,20,1,324
1386,2018-11-21,2018,Q4,11,November,47,21,2,325
1387,2018-11-22,2018,Q4,11,November,47,22,3,326
1388,2018-11-23,2018,Q4,11,November,47,23,4,327
1389,2018-11-24,2018,Q4,11,November,47,24,5,328
1390,2018-11-25,2018,Q4,11,November,47,25,6,329
1391,2018-11-26,2018,Q4,11,November,48,26,0,330
1392,2018-11-27,2018,Q4,11,November,48,27,1,331
1393,2018-11-28,2018,Q4,11,November,48,28,2,332
1394,2018-11-29,2018,Q4,11,November,48,29,3,333
1395,2018-11-30,2018,Q4,11,November,48,30,4,334
1396,2018-12-01,2018,Q4,12,December,48,1,5,335
1397,2018-12-02,2018,Q4,12,December,48,2,6,336
1398,2018-12-03,2018,Q4,12,December,49,3,0,337
1399,2018-12-04,2018,Q4,12,December,49,4,1,338
1400,2018-12-05,2018,Q4,12,December,49,5,2,339
1401,2018-12-06,2018,Q4,12,December,49,6,3,340
1402,2018-12-07,2018,Q4,12,December,49,7,4,341
1403,2018-12-08,2018,Q4,12,December,49,8,5,342
1404,2018-12-09,2018,Q4,12,December,49,9,6,343
1405,2018-12-10,2018,Q4,12,December,50,10,0,344
1406,2018-12-11,2018,Q4,12,December,50,11,1,345
1407,2018-12-12,2018,Q4,12,December,50,12,2,346
1408,2018-12-13,2018,Q4,12,December,50,13,3,347
1409,2018-12-14,2018,Q4,12,December,50,14,4,348
1410,2018-12-15,2018,Q4,12,December,50,15,5,349
1411,2018-12-16,2018,Q4,12,December,50,16,6,350
1412,2018-12-17,2018,Q4,12,December,51,17,0,351
1413,2018-12-18,2018,Q4,12,December,51,18,1,352
1414,2018-12-19,2018,Q4,12,December,51,19,2,353
1415,2018-12-20,2018,Q4,12,December,51,20,3,354
1416,2018-12-21,2018,Q4,12,December,51,21,4,355
1417,2018-12-22,2018,Q4,12,December,51,22,5,356
1418,2018-12-23,2018,Q4,12,December,51,23,6,357
1419,2018-12-24,2018,Q4,12,December,52,24,0,358
1420,2018-12-25,2018,Q4,12,December,52,25,1,359
1421,2018-12-26,2018,Q4,12,December,52,26,2,360
1422,2018-12-27,2018,Q4,12,December,52,27,3,361
1423,2018-12-28,2018,Q4,12,December,52,28,4,362
1424,2018-12-29,2018,Q4,12,December,52,29,5,363
1425,2018-12-30,2018,Q4,12,December,52,30,6,364
1426,2018-12-31,2018,Q4,12,December,1,31,0,365
1427,2019-01-01,2019,Q1,1,January,1,1,1,1
1428,2019-01-02,2019,Q1,1,January,1,2,2,2
1429,2019-01-03,2019,Q1,1,January,1,3,3,3
1430,2019-01-04,2019,Q1,1,January,1,4,4,4
1431,2019-01-05,2019,Q1,1,January,1,5,5,5
